delta_pos_max,res_drop_pct,f_peak,rise_ms,stiffness_proxy,label,source,loop,rf_pred,cnn_pred,rf_prob_Hard,rf_prob_Medium,rf_prob_Soft,cnn_prob_Hard,cnn_prob_Medium,cnn_prob_Soft
0.0,-141940300.0,15.0468,478.0,0.03147866108786611,Hard,Hard (1).csv,1,Hard,Hard,0.85,0.15,0.0,1.0,1.0917636694869615e-13,6.034359595632978e-16
0.0,-143324900.0,11.5851,450.0,0.02574466666666667,Hard,Hard (1).csv,2,Hard,Hard,0.855,0.145,0.0,1.0,1.2071464487728445e-11,3.898629059558359e-14
0.0,-124674600.00000001,12.5302,415.0,0.030193253012048196,Hard,Hard (1).csv,5,Hard,Hard,0.985,0.015,0.0,1.0,7.232942407986095e-14,3.521501097029331e-17
0.0,-129058900.0,13.8386,438.0,0.031594977168949774,Hard,Hard (1).csv,6,Hard,Hard,0.92,0.08,0.0,1.0,2.919956485804287e-13,8.700152672190247e-17
0.0,-127924800.00000001,13.2957,426.0,0.031210563380281692,Hard,Hard (1).csv,7,Hard,Hard,1.0,0.0,0.0,1.0,1.8165858221971462e-14,3.018919102218698e-18
0.0,-68610100.00000001,14.9025,986.0,0.015114097363083164,Hard,Hard (1).csv,8,Hard,Hard,0.835,0.11,0.055,1.0,2.2247744011633097e-12,2.3185662465985777e-17
0.0,-123892800.00000001,13.6911,440.0,0.031116136363636363,Hard,Hard (1).csv,9,Hard,Hard,0.975,0.025,0.0,1.0,2.0802652135609723e-13,1.2459011757066566e-17
0.0,-128551400.0,14.4879,430.0,0.03369279069767442,Hard,Hard (1).csv,10,Hard,Hard,0.855,0.145,0.0,1.0,3.211216557420793e-13,7.322855262386583e-17
0.0,-5000600.000000001,11.8438,1578.0,0.007505576679340938,Hard,Hard (1).csv,11,Hard,Hard,0.65,0.34,0.01,1.0,1.7284107478587885e-09,2.965722218045523e-14
0.0,-138211900.0,12.0496,426.0,0.028285446009389672,Hard,Hard (1).csv,13,Hard,Hard,0.875,0.125,0.0,1.0,3.404355963798622e-11,5.733056444943291e-14
0.0,-123751000.00000001,13.2135,419.0,0.03153579952267303,Hard,Hard (1).csv,14,Hard,Hard,0.95,0.05,0.0,1.0,8.438958760308493e-14,6.499055502433182e-18
0.0,-120676100.00000001,13.0505,428.0,0.030491822429906543,Hard,Hard (1).csv,15,Hard,Hard,0.98,0.02,0.0,1.0,6.628477335155619e-14,4.1451633497226695e-18
0.0,-118495200.0,14.0923,423.0,0.033315130023640664,Hard,Hard (1).csv,16,Hard,Hard,0.84,0.16,0.0,1.0,9.42533337077063e-14,5.704107636809508e-18
0.0,-117183000.00000001,14.4349,421.0,0.034287173396674586,Hard,Hard (1).csv,17,Hard,Hard,0.825,0.175,0.0,1.0,3.510427761194493e-14,9.09675852030824e-19
0.0,-116793100.00000001,14.2812,467.0,0.030580728051391864,Hard,Hard (1).csv,18,Hard,Hard,0.995,0.005,0.0,1.0,7.525377890282847e-13,1.0033085407892486e-16
0.0,-117826700.00000001,13.3072,421.0,0.03160855106888361,Hard,Hard (1).csv,19,Hard,Hard,0.98,0.02,0.0,1.0,5.832576717608451e-14,6.898391418803876e-18
0.0,-119884800.00000001,13.6985,420.0,0.03261547619047619,Hard,Hard (1).csv,20,Hard,Hard,0.84,0.16,0.0,1.0,6.322866492533552e-13,6.3953932280680364e-18
0.0,-123444000.00000001,12.6474,415.0,0.03047566265060241,Hard,Hard (1).csv,21,Hard,Hard,0.94,0.06,0.0,1.0,1.0745062922174029e-15,5.107044638163246e-19
0.0,-119815100.00000001,12.9833,454.0,0.028597577092511012,Hard,Hard (1).csv,22,Hard,Hard,0.96,0.04,0.0,1.0,1.0686142075388982e-11,8.272474222767424e-16
0.0,-116655700.0,13.4399,423.0,0.03177281323877069,Hard,Hard (1).csv,23,Hard,Hard,0.88,0.12,0.0,1.0,2.1120545517126305e-16,1.388004382661292e-20
0.0,-70773800.00000001,12.9419,1032.0,0.012540600775193799,Hard,Hard (1).csv,24,Hard,Hard,0.785,0.19,0.025,1.0,9.114505157559183e-12,8.556880887280224e-16
0.0,-128093300.0,13.5535,473.0,0.02865433403805497,Hard,Hard (1).csv,25,Hard,Hard,0.975,0.025,0.0,1.0,7.1957283881429746e-12,5.011904007419944e-16
0.0,0.794222125555788,14.3801,469.0,0.030661194029850746,Hard,Hard (1).csv,26,Hard,Hard,0.86,0.135,0.005,0.9971463084220886,0.002853682264685631,1.1018207179969153e-10
0.0,-117849700.0,14.2305,460.0,0.030935869565217388,Hard,Hard (1).csv,27,Hard,Hard,0.99,0.01,0.0,1.0,1.5858917911532044e-12,1.13445412261704e-16
0.0,-119420700.0,12.6496,470.0,0.02691404255319149,Hard,Hard (1).csv,28,Hard,Hard,0.925,0.075,0.0,1.0,4.160327898156124e-12,1.7039077556112056e-16
0.0,-123113800.00000001,13.5488,432.0,0.03136296296296296,Hard,Hard (1).csv,29,Hard,Hard,0.97,0.03,0.0,1.0,1.7734015414472802e-14,1.5678145583855509e-18
0.0,-158944700.00000003,9.5598,335.0,0.028536716417910446,Medium,Medium (1).csv,1,Medium,Medium,0.02,0.955,0.025,8.221535244956613e-05,0.9987909197807312,0.0011268826201558113
0.0,-9822399.999999998,10.5967,1007.0,0.010523038728897717,Medium,Medium (1).csv,2,Medium,Medium,0.165,0.725,0.11,7.0887207215264425e-09,1.0,1.947351307984846e-10
0.0,-137834700.00000003,13.7341,369.0,0.03721978319783198,Medium,Medium (1).csv,3,Medium,Medium,0.03,0.97,0.0,3.9710778310109163e-07,0.9999995231628418,3.096383949241499e-08
0.0,0.8861407319559951,12.9478,367.0,0.03528010899182561,Medium,Medium (1).csv,4,Medium,Medium,0.03,0.97,0.0,2.3983451683307067e-05,0.9999760389328003,1.7905211535662602e-08
0.0,0.7589365403247755,13.1871,384.0,0.03434140625,Medium,Medium (1).csv,5,Medium,Medium,0.07,0.93,0.0,0.000444082950707525,0.9995494484901428,6.483515335276024e-06
0.0,0.6486769713806738,8.4922,324.0,0.026210493827160494,Medium,Medium (1).csv,6,Medium,Medium,0.055,0.93,0.015,0.043435338884592056,0.9557639956474304,0.000800614187028259
0.0,0.8929358768978767,11.7749,326.0,0.03611932515337424,Medium,Medium (1).csv,7,Medium,Medium,0.0,1.0,0.0,0.22772197425365448,0.7706655263900757,0.0016124442918226123
0.0,-135186800.0,11.6355,341.0,0.0341217008797654,Medium,Medium (1).csv,8,Medium,Medium,0.01,0.985,0.005,1.5736740124339121e-06,0.9999973773956299,1.0898712616835837e-06
0.0,-141940300.0,12.2852,378.0,0.0325005291005291,Medium,Medium (1).csv,9,Medium,Medium,0.075,0.925,0.0,1.8529048020354821e-06,0.9999973773956299,7.874221523707092e-07
0.0,0.842700680926316,13.761,423.0,0.03253191489361702,Medium,Medium (1).csv,10,Medium,Medium,0.185,0.815,0.0,6.835400199634023e-06,0.9999932050704956,4.104095729928758e-09
0.0,0.7947343071966184,11.5285,378.0,0.030498677248677247,Medium,Medium (1).csv,11,Medium,Medium,0.185,0.81,0.005,0.0011187406489625573,0.9988798499107361,1.3507469702744856e-06
0.0,0.9015642589700446,16.2051,413.0,0.03923753026634383,Medium,Medium (1).csv,13,Medium,Medium,0.03,0.97,0.0,6.854173051351609e-08,0.9999998807907104,5.047621175202632e-12
0.0,0.7150772156724361,12.4015,344.0,0.03605087209302326,Medium,Medium (1).csv,14,Medium,Medium,0.0,1.0,0.0,0.0005489781615324318,0.9994509816169739,9.2076582802747e-08
0.0,0.7550309348502926,12.2543,346.0,0.03541705202312139,Medium,Medium (1).csv,15,Medium,Medium,0.0,1.0,0.0,1.9808794604614377e-05,0.9999802112579346,1.2912491076377819e-09
0.0,0.8851191823476844,17.0524,430.0,0.039656744186046505,Medium,Medium (1).csv,16,Medium,Medium,0.025,0.975,0.0,1.3913970633439021e-06,0.9999985694885254,1.1161033208750837e-10
0.0,0.8995844178172767,14.6466,433.0,0.03382586605080831,Medium,Medium (1).csv,17,Medium,Medium,0.1,0.9,0.0,1.556531856294896e-06,0.9999984502792358,1.5301979128246046e-10
0.0,0.7464664045096931,12.2467,372.0,0.03292123655913979,Medium,Medium (1).csv,18,Medium,Medium,0.03,0.97,0.0,0.0007365161436609924,0.999259889125824,3.5953885344497394e-06
0.0,0.6612556456422298,8.9532,336.0,0.026646428571428574,Medium,Medium (1).csv,19,Medium,Medium,0.045,0.955,0.0,0.00044907862320542336,0.9995255470275879,2.5398128855158575e-05
0.0,0.7821954488998263,14.9818,417.0,0.03592757793764988,Medium,Medium (1).csv,20,Medium,Medium,0.065,0.935,0.0,7.771709533699322e-06,0.9999922513961792,2.357223571891609e-08
0.0,0.8937530022039262,15.5885,425.0,0.036678823529411764,Medium,Medium (1).csv,22,Medium,Medium,0.03,0.97,0.0,2.3838327933844994e-07,0.9999997615814209,5.624007769905459e-12
0.0,0.7957609017853734,15.4927,372.0,0.041647043010752685,Medium,Medium (1).csv,23,Medium,Medium,0.005,0.995,0.0,6.635200833216004e-08,0.9999998807907104,2.3123239434319487e-11
0.0,0.764521862821903,13.3768,365.0,0.03664876712328767,Medium,Medium (1).csv,24,Medium,Medium,0.005,0.995,0.0,7.800100547683542e-07,0.9999991655349731,1.1298791902092375e-09
0.0,0.742551196409476,12.578,361.0,0.034842105263157896,Medium,Medium (1).csv,25,Medium,Medium,0.0,1.0,0.0,2.3596450773766264e-05,0.9999760389328003,3.098688239333569e-07
0.0,0.8050958205657895,11.7605,359.0,0.03275905292479109,Medium,Medium (1).csv,26,Medium,Medium,0.005,0.995,0.0,0.00019372855604160577,0.9998061060905457,2.1833196228726592e-07
0.0,-133405299.99999999,12.2268,391.0,0.03127058823529412,Medium,Medium (1).csv,27,Medium,Medium,0.31,0.69,0.0,1.7281976170124835e-06,0.9999982118606567,6.166819588315775e-08
0.0,0.8590971707141561,16.2036,433.0,0.03742170900692841,Medium,Medium (1).csv,28,Medium,Medium,0.025,0.975,0.0,1.1400881305689836e-07,0.9999998807907104,6.149257318621704e-12
0.0,0.8289119957525247,15.0467,376.0,0.04001781914893617,Medium,Medium (1).csv,29,Medium,Medium,0.005,0.995,0.0,6.915986006106323e-08,0.9999998807907104,1.0598128277750085e-11
0.0,0.8131003724190028,14.8156,356.0,0.04161685393258427,Medium,Medium (1).csv,30,Medium,Medium,0.0,1.0,0.0,2.953938071925677e-08,1.0,6.114800506218376e-13
0.0,-119977800.0,13.9194,437.0,0.03185217391304348,Medium,Medium (1).csv,31,Medium,Medium,0.4,0.6,0.0,7.144368511504892e-14,1.0,7.715001076718782e-16
0.0,0.7535987222432874,12.605,354.0,0.035607344632768365,Medium,Medium (1).csv,33,Medium,Medium,0.0,1.0,0.0,4.273335434845649e-05,0.9999569654464722,3.07723155401618e-07
0.0,-212669500.0,5.7252,407.0,0.014066830466830467,Soft,NewModel (1).csv,1,Soft,Soft,0.0,0.0,1.0,1.7315786582372539e-09,3.6811368318012683e-06,0.9999963045120239
0.0,-102422700.00000001,6.3254,1044.0,0.006058812260536398,Soft,NewModel (1).csv,2,Soft,Soft,0.01,0.03,0.96,9.709959503112486e-10,2.857014987966977e-05,0.9999713897705078
0.0,-35192100.0,5.9431,1025.0,0.0057981463414634145,Soft,NewModel (1).csv,3,Soft,Soft,0.0,0.0,1.0,2.013724964555763e-09,6.14171804045327e-05,0.9999386072158813
0.0,-2101800.0,6.1966,1029.0,0.006021963070942663,Soft,NewModel (1).csv,4,Soft,Soft,0.0,0.03,0.97,1.1399152732849416e-08,0.00013976100308354944,0.9998601675033569
0.0,-216139400.0,6.0065,431.0,0.013936194895591647,Soft,NewModel (1).csv,5,Soft,Soft,0.0,0.0,1.0,2.2858664960878627e-10,3.5830122214974836e-05,0.9999641180038452
0.0,-36482600.0,6.6057,1002.0,0.00659251497005988,Soft,NewModel (1).csv,6,Soft,Soft,0.0,0.0,1.0,1.891982126522862e-09,6.005423347232863e-05,0.9999399185180664
0.0,-210380600.00000003,6.5813,483.0,0.013625879917184265,Soft,NewModel (1).csv,7,Soft,Soft,0.0,0.0,1.0,1.5201013781052097e-09,7.777811697451398e-05,0.9999221563339233
0.0,-209410300.00000003,7.4271,426.0,0.017434507042253522,Soft,NewModel (1).csv,8,Soft,Soft,0.0,0.0,1.0,6.807215346960049e-10,7.420187466777861e-05,0.9999258518218994
0.0,0.7214580180492814,7.0097,504.0,0.01390813492063492,Soft,NewModel (1).csv,9,Soft,Soft,0.005,0.035,0.96,3.342608397360891e-05,0.001109061180613935,0.9988574981689453
0.0,-202845100.0,6.6056,454.0,0.014549779735682819,Soft,NewModel (1).csv,10,Soft,Soft,0.0,0.0,1.0,8.830915554369767e-09,0.0004856032319366932,0.9995143413543701
0.0,-120419800.00000001,6.6074,459.0,0.01439520697167756,Soft,NewModel (1).csv,11,Soft,Soft,0.005,0.0,0.995,1.1618130457691223e-08,0.0003018343122676015,0.9996981620788574
0.0,-30686600.0,6.6168,1003.0,0.006597008973080757,Soft,NewModel (1).csv,12,Soft,Soft,0.0,0.0,1.0,1.5497008121201361e-09,7.250053022289649e-05,0.9999275207519531
0.0,0.9139624882023725,6.3368,352.0,0.018002272727272728,Soft,NewModel (1).csv,13,Soft,Soft,0.145,0.0,0.855,0.0009164822404272854,0.006760049611330032,0.9923235177993774
0.0,-50238400.0,6.9566,1003.0,0.0069357926221335995,Soft,NewModel (1).csv,14,Soft,Soft,0.0,0.0,1.0,7.1536412349360035e-09,0.00023703811166342348,0.9997629523277283
0.0,-215660500.00000003,7.2855,423.0,0.01722340425531915,Soft,NewModel (1).csv,15,Soft,Soft,0.0,0.005,0.995,1.6788201384621004e-10,3.124160139122978e-05,0.9999687671661377
0.0,-215216600.0,6.8018,438.0,0.015529223744292237,Soft,NewModel (1).csv,16,Soft,Soft,0.0,0.0,1.0,1.0784793058604691e-09,3.5442095395410433e-05,0.9999645948410034
0.0,-13276900.0,6.1507,1007.0,0.006107944389275074,Soft,NewModel (1).csv,17,Soft,Soft,0.01,0.0,0.99,2.293799594710322e-09,4.88151672470849e-05,0.9999511241912842
0.0,-2659699.9999999995,6.4222,1026.0,0.006259454191033138,Soft,NewModel (1).csv,18,Soft,Soft,0.0,0.03,0.97,1.083135892088194e-08,0.00010115867189597338,0.9998987913131714
0.0,-96119900.0,6.577,437.0,0.015050343249427918,Soft,NewModel (1).csv,19,Soft,Soft,0.0,0.0,1.0,1.2885025268971617e-09,5.859735028934665e-05,0.999941349029541
0.0,-128792900.00000001,6.3779,1030.0,0.006192135922330097,Soft,NewModel (1).csv,20,Soft,Soft,0.005,0.005,0.99,2.0028689817763734e-09,0.00010554111941019073,0.9998944997787476
0.0,-207911600.00000003,7.8732,445.0,0.01769258426966292,Soft,NewModel (1).csv,21,Soft,Soft,0.005,0.0,0.995,1.3091103756579514e-09,0.00013697233225684613,0.9998630285263062
0.0,-205860300.0,7.9825,421.0,0.01896080760095012,Soft,NewModel (1).csv,22,Soft,Soft,0.03,0.0,0.97,1.6034424898947464e-09,0.0001553722540847957,0.9998445510864258
0.0,-205333500.00000003,8.0799,490.0,0.016489591836734693,Soft,NewModel (1).csv,23,Soft,Soft,0.0,0.0,1.0,1.074983324578227e-09,0.00019427297229412943,0.999805748462677
0.0,-208443500.0,8.1649,434.0,0.018813133640552995,Soft,NewModel (1).csv,24,Soft,Soft,0.015,0.0,0.985,4.019133914567874e-10,4.361941319075413e-05,0.9999563694000244
0.0,-199541500.00000003,7.6251,425.0,0.017941411764705883,Soft,NewModel (1).csv,25,Soft,Soft,0.0,0.0,1.0,2.448284630585107e-10,4.646505112759769e-05,0.9999535083770752
0.0,-208476800.0,6.8304,486.0,0.014054320987654322,Soft,NewModel (1).csv,26,Soft,Soft,0.0,0.0,1.0,1.8519520361692798e-09,6.534831481985748e-05,0.9999346733093262
0.0,-204217300.0,7.7068,419.0,0.018393317422434368,Soft,NewModel (1).csv,27,Soft,Soft,0.01,0.0,0.99,3.122981206971076e-09,0.0002378048375248909,0.999762237071991
0.0,-199091200.00000003,8.1273,458.0,0.01774519650655022,Soft,NewModel (1).csv,28,Soft,Soft,0.005,0.0,0.995,9.471903261726311e-09,0.00125471455976367,0.9987452030181885
0.0,-198641800.0,8.3032,447.0,0.018575391498881433,Soft,NewModel (1).csv,29,Soft,Soft,0.0,0.015,0.985,1.2024247375563846e-08,0.0007294248789548874,0.9992706179618835
0.0,-199670300.0,8.1836,472.0,0.01733813559322034,Soft,NewModel (1).csv,30,Soft,Soft,0.0,0.005,0.995,1.0739347189314685e-09,0.00017461093375459313,0.9998254179954529
0.0,-201869200.00000003,7.6578,430.0,0.017808837209302326,Soft,NewModel (1).csv,31,Soft,Soft,0.005,0.0,0.995,2.1531310068212406e-08,0.000311479700030759,0.9996885061264038
0.0,-15058000.0,6.8486,981.0,0.006981243628950052,Soft,NewModel (1).csv,32,Soft,Soft,0.0,0.0,1.0,5.080284282144021e-08,0.000723188160918653,0.9992768168449402
0.0,-204479500.0,8.3354,426.0,0.019566666666666666,Soft,NewModel (1).csv,33,Soft,Soft,0.035,0.035,0.93,6.201028579511103e-09,0.0004982702666893601,0.9995017051696777
0.0,-213210900.00000003,8.3544,491.0,0.017015071283095724,Soft,NewModel (1).csv,34,Soft,Soft,0.005,0.05,0.945,1.0534031980036218e-10,4.329533112468198e-05,0.9999567270278931
0.0,0.6558206388197896,7.1736,399.0,0.017978947368421053,Soft,NewModel (1).csv,35,Soft,Soft,0.04,0.005,0.955,1.4670745258626994e-05,0.0008808186394162476,0.9991045594215393
0.0,-171007400.0,14.2312,423.0,0.0336434988179669,Medium,NewModel (4).csv,1,Medium,Medium,0.15,0.85,0.0,5.150872766535031e-06,0.9947071671485901,0.0052877566777169704
0.0,0.7322521759910632,8.1102,280.0,0.028965,Medium,NewModel (4).csv,2,Medium,Medium,0.005,0.98,0.015,0.007735402788966894,0.9921604990959167,0.00010414015559945256
0.0,-173032400.0,10.2317,454.0,0.022536784140969164,Medium,NewModel (4).csv,4,Medium,Medium,0.055,0.935,0.01,1.989844577110489e-06,0.9999778270721436,2.01328621187713e-05
0.0,0.7762852421578615,11.2526,419.0,0.026855847255369925,Medium,NewModel (4).csv,5,Medium,Medium,0.35,0.65,0.0,0.04151821881532669,0.9576015472412109,0.0008802030351944268
0.0,0.7544066081044146,10.5143,312.0,0.03369967948717949,Medium,NewModel (4).csv,6,Medium,Medium,0.0,1.0,0.0,0.005595178809016943,0.9941810965538025,0.00022364976757671684
0.0,-853200.0000000001,9.4938,1063.0,0.008931138287864534,Medium,NewModel (4).csv,10,Medium,Medium,0.03,0.935,0.035,2.133552362559854e-10,1.0,4.881507524590045e-13
0.0,-159907100.00000003,10.6241,445.0,0.02387438202247191,Medium,NewModel (4).csv,11,Medium,Medium,0.01,0.985,0.005,1.73706766304349e-07,0.9999996423721313,1.26789259979887e-07
0.0,0.0,8.6425,500.0,0.017285000000000002,Medium,NewModel (4).csv,12,Medium,Medium,0.13,0.705,0.165,1.894176602945663e-05,0.9956079125404358,0.004373133648186922
0.0,-159136900.0,10.7628,443.0,0.02429525959367946,Medium,NewModel (4).csv,13,Medium,Medium,0.025,0.97,0.005,1.2590844278292934e-07,0.9999997615814209,8.596092015977774e-08
0.0,0.7726890544073063,10.6265,345.0,0.030801449275362318,Medium,NewModel (4).csv,16,Medium,Medium,0.005,0.995,0.0,0.004053138662129641,0.9956871867179871,0.0002596311387605965
0.0,0.7220852445771316,9.0418,297.0,0.030443771043771044,Medium,NewModel (4).csv,17,Medium,Medium,0.005,0.995,0.0,0.018658816814422607,0.9811954498291016,0.00014574703527614474
0.0,-157113100.0,10.99,432.0,0.025439814814814814,Medium,NewModel (4).csv,22,Medium,Medium,0.055,0.94,0.005,3.89671512834866e-08,0.9999998807907104,2.875537852276011e-08
0.0,-152901100.00000003,11.5491,464.0,0.02489030172413793,Medium,NewModel (4).csv,23,Medium,Medium,0.085,0.91,0.005,1.6976343886199174e-07,0.9999996423721313,1.800448075073291e-07
0.0,-153786000.0,10.5971,470.0,0.022547021276595743,Medium,NewModel (4).csv,24,Medium,Medium,0.03,0.97,0.0,1.7065850954622874e-07,0.9999996423721313,1.3570432599863125e-07
0.0,-89998100.00000001,10.1882,430.0,0.023693488372093025,Medium,NewModel (4).csv,25,Medium,Medium,0.305,0.695,0.0,9.576853976511757e-09,1.0,2.5069784026499065e-09
0.0,-224446400.00000003,8.9624,434.0,0.020650691244239634,Soft,Soft (3).csv,1,Soft,Soft,0.035,0.18,0.785,5.6307215834383584e-11,9.350374966743402e-06,0.999990701675415
0.0,-225329900.00000003,5.6891,307.0,0.01853127035830619,Soft,Soft (3).csv,2,Soft,Soft,0.015,0.02,0.965,1.5801967373496595e-11,6.52745075058192e-06,0.9999934434890747
0.0,-93942600.00000001,5.8596,309.0,0.018963106796116506,Soft,Soft (3).csv,3,Soft,Soft,0.045,0.015,0.94,1.4042482454623695e-11,6.197396942297928e-06,0.9999938011169434
0.0,0.8916612548069051,6.2532,325.0,0.019240615384615384,Soft,Soft (3).csv,4,Soft,Soft,0.065,0.02,0.915,0.0005287672975100577,0.006988506764173508,0.9924827218055725
0.0,-199541500.00000003,5.593,389.0,0.014377892030848329,Soft,Soft (3).csv,6,Soft,Soft,0.005,0.0,0.995,3.0360169239740387e-11,5.6120097724488005e-06,0.9999943971633911
0.0,-224305200.00000003,5.5485,406.0,0.013666256157635467,Soft,Soft (3).csv,7,Soft,Soft,0.0,0.0,1.0,8.742150753304756e-11,1.677623913565185e-05,0.9999831914901733
0.0,-234615400.0,5.4624,387.0,0.014114728682170542,Soft,Soft (3).csv,8,Soft,Soft,0.0,0.0,1.0,1.1753826210936236e-11,2.778575208139955e-06,0.9999972581863403
0.0,0.4764771003392308,5.0227,415.0,0.012102891566265062,Soft,Soft (3).csv,11,Soft,Soft,0.0,0.0,1.0,1.8195586148905818e-09,5.668044650519732e-06,0.9999942779541016
0.0,0.7756003614704076,6.3995,394.0,0.01624238578680203,Soft,Soft (3).csv,12,Soft,Soft,0.005,0.0,0.995,4.615899797499878e-06,0.0005050113541074097,0.9994902610778809
0.0,-220522300.0,6.6222,392.0,0.016893367346938776,Soft,Soft (3).csv,14,Soft,Soft,0.005,0.0,0.995,6.763477972127063e-11,5.688166311301757e-06,0.9999942779541016
0.0,0.6094858082449801,6.25,420.0,0.01488095238095238,Soft,Soft (3).csv,15,Soft,Soft,0.0,0.0,1.0,1.692227016292236e-07,3.9533340896014124e-05,0.9999603033065796
0.0,0.5096655785450375,5.3889,400.0,0.013472249999999998,Soft,Soft (3).csv,16,Soft,Soft,0.0,0.0,1.0,3.0957101326833936e-09,5.8757559600053355e-06,0.999994158744812
0.0,0.5314518878913607,5.6261,432.0,0.01302337962962963,Soft,Soft (3).csv,18,Soft,Soft,0.0,0.0,1.0,1.2047265407488794e-08,1.1216161510674283e-05,0.9999887943267822
0.0,0.6078528232097976,6.0529,386.0,0.015681088082901556,Soft,Soft (3).csv,19,Soft,Soft,0.04,0.0,0.96,9.542804946249817e-08,5.820238948217593e-05,0.9999417066574097
0.0,0.693690150560149,7.0936,411.0,0.017259367396593676,Soft,Soft (3).csv,20,Soft,Soft,0.015,0.01,0.975,6.651568469351332e-07,0.00014736855519004166,0.9998519420623779
0.0,0.48852864406095853,5.5979,445.0,0.012579550561797753,Soft,Soft (3).csv,22,Soft,Soft,0.005,0.0,0.995,1.7762511461683061e-09,2.908460601247498e-06,0.9999971389770508
0.0,0.5967855971646825,6.2631,479.0,0.01307536534446764,Soft,Soft (3).csv,25,Soft,Soft,0.0,0.005,0.995,5.324818364016437e-09,3.0332105325214798e-06,0.9999970197677612
0.0,0.8167573166783093,8.4339,383.0,0.022020626631853786,Soft,Soft (3).csv,26,Soft,Soft,0.355,0.0,0.645,0.0003443846944719553,0.005432496313005686,0.9942230582237244
0.0,0.49148194471993567,5.4136,369.0,0.0146710027100271,Soft,Soft (3).csv,27,Soft,Soft,0.06,0.0,0.94,1.093519763628592e-08,1.8627306417329237e-05,0.9999814033508301
0.0,0.8455008574405113,6.9867,326.0,0.02143159509202454,Soft,Soft (3).csv,28,Soft,Soft,0.03,0.09,0.88,0.00026525085559114814,0.0034765382297337055,0.9962582588195801
0.0,0.6891411468483288,7.3001,403.0,0.01811439205955335,Soft,Soft (3).csv,30,Soft,Soft,0.095,0.0,0.905,1.0447932936585858e-06,0.00012586939556058496,0.9998730421066284
0.0,0.7855130457638245,7.1483,340.0,0.021024411764705882,Soft,Soft (3).csv,31,Soft,Soft,0.095,0.03,0.875,0.00016714746016077697,0.00328681617975235,0.9965460896492004
0.010000000000005116,0.6937708420227682,8.0312,463.0,0.01734600431965443,Soft,phase1_20260512_150309.csv,1,Soft,Soft,0.06,0.04,0.9,2.5770616751685793e-09,1.2248967323102988e-05,0.9999877214431763
0.0,0.6936891902815062,9.4528,468.0,0.0201982905982906,Soft,phase1_20260512_150309.csv,2,Soft,Soft,0.285,0.07,0.645,3.3801015320023e-07,6.213787128217518e-05,0.9999375343322754
0.13000000000000966,0.7717769201258737,8.3235,2785.0,0.0029886894075403948,Hard,phase1_20260512_150425.csv,1,Hard,Hard,0.72,0.235,0.045,1.0,3.5906232653815096e-08,5.427990279471828e-10
0.0,0.7975498095950032,8.8408,448.0,0.019733928571428572,Hard,phase1_20260512_150425.csv,2,Hard,Hard,0.735,0.135,0.13,0.9016480445861816,0.07758454978466034,0.02076738514006138
0.0,0.7652716636132212,9.6051,395.0,0.024316708860759494,Hard,phase1_20260512_150425.csv,3,Hard,Hard,0.955,0.045,0.0,0.9866881966590881,0.013257518410682678,5.4231186368269846e-05
0.0,0.7480799899941941,10.1989,386.0,0.0264220207253886,Hard,phase1_20260512_150425.csv,4,Hard,Hard,0.865,0.13,0.005,0.9413981437683105,0.05851778760552406,8.400497608818114e-05
0.0,0.7765124005554425,12.3614,408.0,0.030297549019607843,Hard,phase1_20260512_150425.csv,5,Hard,Hard,0.83,0.17,0.0,0.943320095539093,0.056515343487262726,0.00016455716104246676
0.0,0.7854655379396951,11.5484,420.0,0.02749619047619048,Hard,phase1_20260512_150425.csv,6,Hard,Hard,0.82,0.18,0.0,0.958746075630188,0.041228797286748886,2.5144763640128076e-05
0.0,0.7223147421749451,9.9545,403.0,0.024700992555831264,Hard,phase1_20260512_150425.csv,7,Hard,Hard,0.985,0.015,0.0,0.9989676475524902,0.001030777464620769,1.5409050320158713e-06
0.0,0.6911109593864974,6.1191,342.0,0.017892105263157897,Hard,phase1_20260512_150425.csv,8,Hard,Hard,0.585,0.0,0.415,1.0,2.3242002100687387e-08,3.679604190787167e-11
0.0,0.7230864921921126,8.0038,399.0,0.020059649122807017,Hard,phase1_20260512_150425.csv,9,Hard,Hard,0.815,0.015,0.17,0.9958472847938538,0.004149302374571562,3.436204906392959e-06
0.0,0.7309274606280391,8.8272,406.0,0.021741871921182265,Hard,phase1_20260512_150425.csv,10,Hard,Hard,0.915,0.065,0.02,0.9319414496421814,0.06801538169384003,4.3197189370403066e-05
0.0,0.7121267154967748,7.7462,389.0,0.01991311053984576,Hard,phase1_20260512_150425.csv,11,Hard,Hard,0.925,0.005,0.07,0.9996678829193115,0.0003318206290714443,3.856308410377096e-07
0.0,0.6808833367395921,7.3158,365.0,0.020043287671232878,Hard,phase1_20260512_150425.csv,12,Hard,Hard,0.71,0.015,0.275,1.0,2.8129034657098373e-09,5.941020678884579e-12
0.0,0.754145950574287,10.0275,404.0,0.024820544554455447,Hard,phase1_20260512_150425.csv,13,Hard,Hard,0.99,0.01,0.0,0.9968221187591553,0.0031744351144880056,3.4607451198098715e-06
0.0,0.696746877583774,7.3876,391.0,0.01889411764705882,Hard,phase1_20260512_150425.csv,14,Hard,Hard,0.65,0.0,0.35,0.9999936819076538,6.284056325966958e-06,1.2619659983670317e-08
0.0,0.7118891590099464,8.8053,392.0,0.022462500000000003,Hard,phase1_20260512_150425.csv,15,Hard,Hard,0.995,0.005,0.0,0.9999939203262329,6.077686066419119e-06,1.2879417532474235e-08
0.0,0.7491653240902655,9.9659,4338.0,0.002297349008759797,Hard,phase1_20260512_150425.csv,17,Hard,Hard,0.75,0.245,0.005,0.9999998807907104,7.269572677159886e-08,1.882454470081285e-10
0.0,0.7969014887160448,10.4433,451.0,0.023155875831485588,Hard,phase1_20260512_150425.csv,18,Hard,Hard,0.935,0.065,0.0,0.9999945163726807,5.492406216944801e-06,6.635604510307758e-09
0.0,0.7376022020361125,10.5105,393.0,0.026744274809160307,Hard,phase1_20260512_150425.csv,19,Hard,Hard,0.745,0.255,0.0,1.0,1.3079074712152305e-08,2.327585867101245e-11
0.0,0.7777265124302818,11.4363,417.0,0.027425179856115107,Hard,phase1_20260512_150425.csv,20,Hard,Hard,0.935,0.065,0.0,0.9994876384735107,0.0005118551780469716,4.893055915999867e-07
0.0,0.7557910256838043,10.6947,384.0,0.027850781249999998,Hard,phase1_20260512_150425.csv,21,Hard,Hard,0.89,0.1,0.01,1.0,5.776441369675922e-08,7.749147851177085e-11
0.0,0.7333577118992977,9.385,401.0,0.023403990024937656,Hard,phase1_20260512_150425.csv,22,Hard,Hard,0.985,0.01,0.005,0.9999996423721313,2.984224352076126e-07,7.398295309712921e-10
0.0,0.7863931755962751,11.5497,448.0,0.025780580357142858,Hard,phase1_20260512_150425.csv,23,Hard,Hard,0.92,0.08,0.0,0.99348384141922,0.006511359941214323,4.76821242045844e-06
0.0,0.7198277685911247,8.9511,368.0,0.024323641304347828,Hard,phase1_20260512_150425.csv,24,Hard,Hard,0.865,0.135,0.0,1.0,6.358383264348788e-10,9.981340840653496e-13
0.0,0.729011850206735,10.9428,423.0,0.02586950354609929,Hard,phase1_20260512_150425.csv,25,Hard,Hard,0.84,0.16,0.0,0.9999990463256836,1.013179939945985e-06,2.1323389720606656e-09
0.0,0.7547996334100464,9.8424,442.0,0.02226787330316742,Hard,phase1_20260512_150425.csv,26,Hard,Hard,0.985,0.015,0.0,0.9987517595291138,0.001246489817276597,1.8283200233781827e-06
0.0,0.7593144431367008,10.6603,412.0,0.025874514563106795,Hard,phase1_20260512_150425.csv,27,Hard,Hard,0.875,0.125,0.0,0.9999973773956299,2.6067227736348286e-06,4.0600527384526686e-09
0.0,0.7144926122053393,9.0365,415.0,0.021774698795180722,Hard,phase1_20260512_150425.csv,28,Hard,Hard,0.935,0.05,0.015,0.9999794960021973,2.0467774447752163e-05,5.910192157898564e-08
0.0,0.76568171504099,10.4094,429.0,0.024264335664335664,Hard,phase1_20260512_150425.csv,29,Hard,Hard,0.83,0.17,0.0,0.9953153133392334,0.004679353907704353,5.309610514814267e-06
0.0,0.7598490799452309,9.1855,435.0,0.021116091954022986,Hard,phase1_20260512_150425.csv,30,Hard,Hard,0.8,0.12,0.08,0.9951385259628296,0.004854508209973574,6.877333362353966e-06
0.0,0.7546947524367188,11.1742,403.0,0.02772754342431762,Hard,phase1_20260512_150425.csv,31,Hard,Hard,0.955,0.045,0.0,0.9967363476753235,0.003258372191339731,5.227631845627911e-06
0.0,0.7020320078743266,8.5469,388.0,0.022028092783505156,Hard,phase1_20260512_150425.csv,32,Hard,Hard,0.925,0.025,0.05,0.9999998807907104,7.32770715217157e-08,2.1482893242108503e-10
0.0,0.7626465452327132,11.2189,415.0,0.027033493975903614,Hard,phase1_20260512_150425.csv,33,Hard,Hard,0.9,0.1,0.0,0.9933340549468994,0.006654837168753147,1.1106648344139103e-05
0.0,0.7190671304911996,9.934,402.0,0.02471144278606965,Hard,phase1_20260512_150425.csv,34,Hard,Hard,0.985,0.015,0.0,1.0,5.212043774349695e-08,1.6629503329923523e-10
0.0,0.7762072580333093,12.4113,426.0,0.029134507042253524,Hard,phase1_20260512_150425.csv,35,Hard,Hard,0.82,0.18,0.0,0.9621803760528564,0.037789370864629745,3.0334755138028413e-05
0.0,0.7379740178962234,10.1684,401.0,0.025357605985037408,Hard,phase1_20260512_150425.csv,36,Hard,Hard,0.955,0.045,0.0,0.9992483258247375,0.0007498802151530981,1.8180687675339868e-06
0.0,0.7220830503038985,10.8156,367.0,0.029470299727520435,Hard,phase1_20260512_150425.csv,37,Hard,Hard,0.705,0.295,0.0,0.9999914169311523,8.560906280763447e-06,2.0157312263791027e-08
0.0,0.7398596074255274,9.6414,405.0,0.02380592592592593,Hard,phase1_20260512_150425.csv,38,Hard,Hard,0.955,0.045,0.0,0.9904118180274963,0.009564008563756943,2.4218850739998743e-05
0.0,0.7722498394580176,11.9751,412.0,0.029065776699029124,Hard,phase1_20260512_150425.csv,39,Hard,Hard,0.97,0.03,0.0,0.9903371334075928,0.009564674459397793,9.824830340221524e-05
0.0,0.7774379411880051,10.0475,444.0,0.022629504504504502,Hard,phase1_20260512_150425.csv,40,Hard,Hard,0.975,0.025,0.0,0.9891939163208008,0.010682999156415462,0.000123111269203946
0.0,0.7119948110523298,8.4689,377.0,0.02246392572944297,Hard,phase1_20260512_150425.csv,41,Hard,Hard,0.86,0.05,0.09,0.9995313882827759,0.00046790207852609456,7.614852393089677e-07
0.0,0.7892658964743923,9.9887,442.0,0.022598868778280542,Hard,phase1_20260512_150425.csv,42,Hard,Hard,0.99,0.01,0.0,0.9907660484313965,0.009202833287417889,3.113869024673477e-05
0.0,0.7090911674523922,9.5722,423.0,0.022629314420803785,Hard,phase1_20260512_150425.csv,43,Hard,Hard,0.915,0.085,0.0,0.999800980091095,0.00019838541629724205,5.892707122256979e-07
0.0,0.7635840422196714,10.0789,416.0,0.024228125000000003,Hard,phase1_20260512_150425.csv,44,Hard,Hard,0.89,0.11,0.0,0.9983867406845093,0.0016109761781990528,2.309645651621395e-06
0.0,0.7315759489369701,9.662,415.0,0.023281927710843375,Hard,phase1_20260512_150425.csv,45,Hard,Hard,0.98,0.02,0.0,0.9968149065971375,0.003179991850629449,5.131865236762678e-06
0.0,0.7610380895424222,8.9453,1116.0,0.008015501792114695,Medium,phase1_20260512_151658.csv,1,Medium,Medium,0.01,0.965,0.025,3.386678958106071e-13,1.0,5.5925628711372966e-11
0.0,0.7179905144554782,7.8472,290.0,0.027059310344827586,Medium,phase1_20260512_151658.csv,2,Medium,Medium,0.025,0.945,0.03,0.009456812404096127,0.9897214770317078,0.0008216960704885423
0.0,0.7178276995629126,8.0985,270.0,0.02999444444444444,Medium,phase1_20260512_151658.csv,3,Medium,Medium,0.005,0.98,0.015,0.00904867798089981,0.9905485510826111,0.0004028019611723721
0.0,0.7297454382969641,8.3382,262.0,0.03182519083969466,Medium,phase1_20260512_151658.csv,4,Medium,Medium,0.005,0.97,0.025,0.002173729706555605,0.9977216124534607,0.00010463582293596119
0.0,0.6935353983073868,7.1041,1394.0,0.005096197991391678,Medium,phase1_20260512_151658.csv,5,Medium,Medium,0.005,0.82,0.175,0.0015179760521277785,0.9979403614997864,0.0005416230414994061
0.0,0.7144933210098349,8.8354,289.0,0.030572318339100346,Medium,phase1_20260512_151658.csv,6,Medium,Medium,0.0,1.0,0.0,0.010882549919188023,0.9887747764587402,0.00034272621269337833
0.0,0.7423729802393448,8.8406,262.0,0.033742748091603054,Medium,phase1_20260512_151658.csv,7,Medium,Medium,0.0,1.0,0.0,0.003574386704713106,0.9962875843048096,0.0001380094327032566
0.0,0.7627170176991497,8.9099,424.0,0.021013915094339624,Medium,phase1_20260512_151658.csv,8,Medium,Medium,0.32,0.63,0.05,0.0010562434326857328,0.9983052015304565,0.0006385008455254138
0.0,0.7308036698995813,8.632,1393.0,0.006196697774587222,Medium,phase1_20260512_151658.csv,9,Medium,Medium,0.03,0.96,0.01,0.005877249874174595,0.9940410256385803,8.166261250153184e-05
0.0,0.7980804246760874,10.5525,421.0,0.025065320665083136,Medium,phase1_20260512_151658.csv,10,Medium,Medium,0.295,0.705,0.0,5.097156758893107e-07,0.9999995231628418,8.511393367882647e-09
0.0,0.7553173709993548,10.557,1408.0,0.0074978693181818185,Medium,phase1_20260512_151658.csv,11,Medium,Medium,0.025,0.97,0.005,0.0018885716563090682,0.9981058835983276,5.484129360411316e-06
0.0,0.7600223123588962,10.5466,280.0,0.03766642857142857,Medium,phase1_20260512_151658.csv,12,Medium,Medium,0.0,1.0,0.0,0.00029055733466520905,0.9997058510780334,3.5581736028689193e-06
0.0,0.6960465150010424,7.2051,1403.0,0.005135495367070563,Medium,phase1_20260512_151658.csv,13,Medium,Medium,0.005,0.865,0.13,0.0004292406374588609,0.99943608045578,0.0001346062053926289
0.0,0.7860814137598495,10.6177,398.0,0.026677638190954773,Medium,phase1_20260512_151658.csv,14,Medium,Medium,0.345,0.655,0.0,3.6789715522900224e-05,0.9999605417251587,2.684521405171836e-06
0.0,0.7687296539958013,10.5045,295.0,0.035608474576271185,Medium,phase1_20260512_151658.csv,15,Medium,Medium,0.0,1.0,0.0,0.01371830515563488,0.9862388968467712,4.274763705325313e-05
0.0,0.7734366452781346,11.2334,1402.0,0.008012410841654778,Medium,phase1_20260512_151658.csv,16,Medium,Medium,0.05,0.95,0.0,4.69709157187026e-05,0.9999527931213379,2.466434523284988e-07
0.0,0.8063785182224134,13.0554,411.0,0.031764963503649636,Medium,phase1_20260512_151658.csv,17,Medium,Medium,0.195,0.805,0.0,1.1148915746161947e-07,0.9999998807907104,4.4046502556405187e-10
0.0,0.7483001738977817,9.7015,256.0,0.037896484375,Medium,phase1_20260512_151658.csv,18,Medium,Medium,0.005,0.995,0.0,0.002480633556842804,0.9975173473358154,2.0932648112648167e-06
0.0,0.7877135100916489,9.8911,407.0,0.024302457002457003,Medium,phase1_20260512_151658.csv,19,Medium,Medium,0.37,0.63,0.0,3.074476990150288e-05,0.9999674558639526,1.8142156932299258e-06
0.0,0.7508542864233124,10.4681,291.0,0.03597285223367697,Medium,phase1_20260512_151658.csv,20,Medium,Medium,0.005,0.995,0.0,0.02091868966817856,0.9790578484535217,2.34531908063218e-05
0.0,0.7770361511858243,11.175,310.0,0.036048387096774194,Medium,phase1_20260512_151658.csv,21,Medium,Medium,0.005,0.995,0.0,0.001099970075301826,0.9988982677459717,1.7263657809962751e-06
0.0,0.7811787603794017,11.096,350.0,0.031702857142857144,Medium,phase1_20260512_151658.csv,22,Medium,Medium,0.025,0.975,0.0,1.0093615856021643e-05,0.9999897480010986,1.3751279936968785e-07
0.0,0.7908710784639806,10.6649,356.0,0.02995758426966292,Medium,phase1_20260512_151658.csv,23,Medium,Medium,0.08,0.92,0.0,3.244653998990543e-05,0.9999673366546631,2.456320657984179e-07
0.0,0.7692006637730029,10.5369,294.0,0.03583979591836734,Medium,phase1_20260512_151658.csv,24,Medium,Medium,0.0,1.0,0.0,6.501615280285478e-05,0.9999343156814575,6.365431772792363e-07
0.0,0.7754112510068824,11.2395,1398.0,0.00803969957081545,Medium,phase1_20260512_151658.csv,25,Medium,Medium,0.05,0.95,0.0,9.819632396101952e-05,0.9999014139175415,3.3933736176550156e-07
0.0,0.80035409558668,12.7732,421.0,0.030340142517814726,Medium,phase1_20260512_151658.csv,26,Medium,Medium,0.19,0.81,0.0,7.690111658575915e-09,1.0,1.988544572062434e-11
0.0,0.7805968220137797,13.8277,352.0,0.039283238636363634,Medium,phase1_20260512_151658.csv,27,Medium,Medium,0.0,1.0,0.0,4.857070507569006e-06,0.9999951124191284,7.1719719052509845e-09
0.0,0.8126519546697443,12.8016,440.0,0.029094545454545456,Medium,phase1_20260512_151658.csv,28,Medium,Medium,0.295,0.705,0.0,4.409326237464484e-09,1.0,3.405335258568898e-12
0.0,0.7626641073160062,11.4781,267.0,0.042989138576779024,Medium,phase1_20260512_151658.csv,29,Medium,Medium,0.0,1.0,0.0,0.0004966584965586662,0.9995032548904419,8.810298623984636e-08
0.0,0.6182318625597716,9.0087,457.0,0.01971269146608315,Soft,phase1_20260513_150041.csv,1,Hard,Soft,0.595,0.155,0.25,3.0319545203383313e-06,0.0009973199339583516,0.9989996552467346
0.0,0.6386824948037104,6.0259,456.0,0.01321469298245614,Soft,phase1_20260513_150041.csv,2,Soft,Soft,0.015,0.0,0.985,1.0056307928607566e-06,0.0006749468739144504,0.9993240833282471
0.0,0.6202810644850913,6.1388,401.0,0.015308728179551121,Soft,phase1_20260513_150041.csv,3,Soft,Soft,0.035,0.0,0.965,2.4685466996743344e-05,0.03695671260356903,0.9630186557769775
0.0,0.6437763906916464,6.2107,471.0,0.01318619957537155,Soft,phase1_20260513_150041.csv,4,Soft,Soft,0.0,0.0,1.0,2.474139080277382e-07,0.0007082173833623528,0.9992915391921997
0.0,0.635815705723267,6.5033,410.0,0.015861707317073172,Soft,phase1_20260513_150041.csv,5,Soft,Soft,0.0,0.0,1.0,4.295631242712261e-06,0.0056027499958872795,0.994392991065979
0.0,0.6450793647838725,6.5309,401.0,0.01628653366583541,Soft,phase1_20260513_150041.csv,6,Soft,Soft,0.0,0.0,1.0,2.2883316432853462e-06,0.002677124459296465,0.9973205924034119
0.0,0.6256535767823006,5.5927,419.0,0.013347732696897374,Soft,phase1_20260513_150041.csv,7,Soft,Soft,0.0,0.0,1.0,4.91967293783091e-05,0.04853001609444618,0.9514207243919373
0.0,0.6342115987460816,5.3967,431.0,0.012521345707656612,Soft,phase1_20260513_150041.csv,8,Soft,Soft,0.005,0.005,0.99,1.795252842384798e-06,0.0024299004580825567,0.9975683093070984
0.0,0.6107097501139666,5.3427,391.0,0.013664194373401535,Soft,phase1_20260513_150041.csv,9,Soft,Soft,0.03,0.0,0.97,1.9474815417197533e-05,0.01557685062289238,0.9844037294387817
0.0,0.6374071948657243,5.6264,412.0,0.013656310679611651,Soft,phase1_20260513_150041.csv,10,Soft,Soft,0.0,0.0,1.0,1.1742646393031464e-06,0.00182847841642797,0.9981702566146851
0.0,0.6457533506416806,5.2329,281.0,0.018622419928825622,Medium,phase1_20260513_150318.csv,1,Soft,Medium,0.135,0.135,0.73,0.00010340353037463501,0.9996824264526367,0.00021424403530545533
0.0,0.6735554081029854,6.9131,325.0,0.021271076923076924,Medium,phase1_20260513_150318.csv,2,Soft,Medium,0.03,0.075,0.895,0.0016373825492337346,0.9973955154418945,0.0009671297739259899
0.0,0.6658313401179242,5.3452,1408.0,0.0037963068181818185,Medium,phase1_20260513_150318.csv,3,Medium,Medium,0.1,0.62,0.28,9.083041368285194e-05,0.9997865557670593,0.00012265350960660726
0.0,0.7052581840949363,7.4041,354.0,0.02091553672316384,Medium,phase1_20260513_150318.csv,4,Hard,Medium,0.485,0.055,0.46,0.0013289463240653276,0.998450756072998,0.00022021906625013798
0.0,0.7037333316139935,6.467,1410.0,0.004586524822695035,Medium,phase1_20260513_150318.csv,5,Medium,Medium,0.015,0.685,0.3,0.000993037479929626,0.9987565279006958,0.0002504000731278211
0.0,0.7102008250911462,7.794,311.0,0.02506109324758842,Medium,phase1_20260513_150318.csv,6,Medium,Medium,0.21,0.645,0.145,0.004045678768306971,0.9951032400131226,0.0008510313928127289
0.0,0.6923588613255965,6.9527,292.0,0.023810616438356164,Medium,phase1_20260513_150318.csv,7,Soft,Medium,0.055,0.41,0.535,0.00042613057303242385,0.9993253946304321,0.00024845075677149
0.0,0.7053625569283831,6.6789,297.0,0.022487878787878786,Medium,phase1_20260513_150318.csv,8,Soft,Medium,0.07,0.335,0.595,0.0009220376960001886,0.9988138675689697,0.00026409237761981785
0.0,0.7191455399685411,7.1497,308.0,0.02321331168831169,Medium,phase1_20260513_150318.csv,9,Soft,Medium,0.09,0.285,0.625,0.0028967426624149084,0.9966621398925781,0.00044108901056461036
0.0,0.7011630623106305,6.7394,341.0,0.01976363636363636,Medium,phase1_20260513_150318.csv,10,Soft,Medium,0.165,0.005,0.83,0.001521822065114975,0.9969385862350464,0.0015396251110360026
0.0,0.6712391816590357,5.3726,377.0,0.014250928381962865,Medium,phase1_20260513_150318.csv,11,Soft,Soft,0.03,0.0,0.97,6.797893001930788e-05,0.26697224378585815,0.7329597473144531
0.0,0.7200900675430641,7.0819,296.0,0.02392533783783784,Medium,phase1_20260513_150318.csv,12,Soft,Medium,0.065,0.42,0.515,0.0001562458201078698,0.9997720122337341,7.172088226070628e-05
0.0,0.7158650142869912,6.9617,877.0,0.007938084378563285,Medium,phase1_20260513_150318.csv,13,Soft,Medium,0.0,0.07,0.93,0.000426102225901559,0.9994767308235168,9.716691420180723e-05
0.0,0.7199560973884116,7.2917,306.0,0.02382908496732026,Medium,phase1_20260513_150318.csv,14,Soft,Medium,0.165,0.385,0.45,9.248532296624035e-05,0.9998579025268555,4.953900133841671e-05
0.0,0.7294503670192645,7.6363,1417.0,0.005389061397318279,Medium,phase1_20260513_150318.csv,15,Medium,Medium,0.04,0.815,0.145,0.0003462263848632574,0.9995409250259399,0.00011284760694252327
0.0,0.7243558826948429,7.9355,318.0,0.02495440251572327,Medium,phase1_20260513_150318.csv,16,Medium,Medium,0.18,0.625,0.195,0.0038965754210948944,0.9957876801490784,0.0003157862520311028
0.0,0.7288009333518005,7.4703,280.0,0.026679642857142857,Medium,phase1_20260513_150318.csv,17,Medium,Medium,0.04,0.81,0.15,0.0006775236688554287,0.9992508292198181,7.157986692618579e-05
0.0,0.6975452240970522,6.4341,1404.0,0.004582692307692308,Medium,phase1_20260513_150318.csv,18,Medium,Medium,0.015,0.685,0.3,0.00015400935080833733,0.9997925162315369,5.34956379851792e-05
0.0,0.7131010455962125,7.0181,1389.0,0.005052627789776817,Medium,phase1_20260513_150318.csv,19,Medium,Medium,0.005,0.71,0.285,0.0002244441129732877,0.9997351765632629,4.041568536194973e-05
0.0,0.711352190579959,7.0801,1421.0,0.004982477128782547,Medium,phase1_20260513_150318.csv,20,Medium,Medium,0.005,0.745,0.25,0.00018124337657354772,0.9997666478157043,5.2062161557842046e-05
0.0,0.7039009681285101,6.5545,1390.0,0.00471546762589928,Medium,phase1_20260513_150318.csv,21,Medium,Medium,0.005,0.695,0.3,0.00014355436724144965,0.9998266100883484,2.9840011848136783e-05
0.0,0.7197358988881705,7.2228,1397.0,0.005170221904080172,Medium,phase1_20260513_150318.csv,22,Medium,Medium,0.005,0.865,0.13,0.0003477635618764907,0.9996082186698914,4.4015592720825225e-05
0.0,0.6872406936549549,6.2004,1367.0,0.004535771762984638,Medium,phase1_20260513_150318.csv,23,Medium,Medium,0.015,0.685,0.3,0.017702143639326096,0.9822416305541992,5.618065915768966e-05
0.0,0.7088334814636953,7.7544,326.0,0.023786503067484664,Medium,phase1_20260513_150318.csv,24,Medium,Medium,0.28,0.455,0.265,0.003773508360609412,0.9954702854156494,0.0007562553510069847
0.0,0.7100904296309806,7.0792,1400.0,0.0050565714285714285,Medium,phase1_20260513_150318.csv,25,Medium,Medium,0.005,0.745,0.25,0.0002993758243974298,0.9996688365936279,3.183362423442304e-05
0.0,0.7307288248772117,7.4813,306.0,0.024448692810457518,Medium,phase1_20260513_150318.csv,26,Medium,Medium,0.195,0.505,0.3,9.947121725417674e-05,0.9998786449432373,2.187515565310605e-05
0.0,0.7318848040868292,7.9042,1403.0,0.005633784746970777,Medium,phase1_20260513_150318.csv,27,Medium,Medium,0.095,0.635,0.27,0.029886063188314438,0.9698994755744934,0.00021446534083224833
0.0,0.6859030705775602,6.2592,1364.0,0.004588856304985337,Medium,phase1_20260513_150318.csv,28,Medium,Medium,0.015,0.685,0.3,0.025755679234862328,0.9742038249969482,4.053667726111598e-05
0.0,0.7346983990902721,8.1267,308.0,0.02638538961038961,Medium,phase1_20260513_150318.csv,29,Medium,Medium,0.035,0.855,0.11,0.00011767751129809767,0.9998397827148438,4.2495248635532334e-05
0.0,0.7245500582914784,7.5449,276.0,0.02733659420289855,Medium,phase1_20260513_150318.csv,30,Medium,Medium,0.035,0.86,0.105,0.0003319128300063312,0.9995985627174377,6.957123696338385e-05
0.0,0.7102563731690714,6.9177,1389.0,0.0049803455723542115,Medium,phase1_20260513_150318.csv,31,Medium,Medium,0.005,0.705,0.29,0.0004854253784287721,0.9994770884513855,3.755351644940674e-05
0.0,0.7392943526249378,7.9134,286.0,0.02766923076923077,Medium,phase1_20260513_150318.csv,32,Medium,Medium,0.015,0.945,0.04,0.0013278430560603738,0.9985870122909546,8.513269131071866e-05
0.0,0.7283848858713844,9.5884,324.0,0.029593827160493826,Medium,phase1_20260513_150318.csv,33,Medium,Medium,0.08,0.92,0.0,0.08212623745203018,0.917644739151001,0.0002290086413268
0.0,0.7334534577395868,7.9028,292.0,0.027064383561643836,Medium,phase1_20260513_150318.csv,34,Medium,Medium,0.02,0.94,0.04,0.000568728952202946,0.9993645548820496,6.676880730083212e-05
0.0,0.7413794873924865,8.0636,300.0,0.026878666666666665,Medium,phase1_20260513_150318.csv,35,Medium,Medium,0.025,0.87,0.105,0.0001006455859169364,0.9998682737350464,3.10725808958523e-05
0.0,0.7525652553466736,8.7151,1422.0,0.0061287623066104075,Medium,phase1_20260513_150318.csv,36,Medium,Medium,0.025,0.97,0.005,0.0005527391331270337,0.9994044303894043,4.288622585590929e-05
0.0,0.7343971608382672,9.1702,344.0,0.02665755813953488,Medium,phase1_20260513_150318.csv,37,Medium,Medium,0.05,0.95,0.0,0.018008479848504066,0.9818286895751953,0.00016280477575492114
0.0,0.7487814709267405,8.8187,1399.0,0.006303573981415296,Medium,phase1_20260513_150318.csv,38,Medium,Medium,0.035,0.96,0.005,0.00029700572486035526,0.9996751546859741,2.779377427941654e-05
0.0,0.6872598088594172,9.7209,386.0,0.025183678756476684,Hard,phase1_20260513_151134.csv,1,Hard,Hard,0.905,0.085,0.01,0.9999890327453613,1.093759055947885e-05,1.7306026833807664e-08
0.0,0.7070851268728378,8.3484,375.0,0.022262399999999998,Hard,phase1_20260513_151134.csv,2,Hard,Hard,0.63,0.075,0.295,0.9976713061332703,0.0023260803427547216,2.569682010289398e-06
0.0,0.6956937869591872,8.2596,375.0,0.022025600000000003,Hard,phase1_20260513_151134.csv,3,Hard,Hard,0.53,0.08,0.39,0.9998893737792969,0.00011054157221224159,1.4750955301678914e-07
0.0,0.7002573504051278,7.7211,360.0,0.0214475,Hard,phase1_20260513_151134.csv,4,Hard,Hard,0.5,0.14,0.36,0.9999797344207764,2.028467133641243e-05,2.0886171014922184e-08
0.0,0.7084803503158341,7.9816,366.0,0.021807650273224045,Hard,phase1_20260513_151134.csv,5,Hard,Hard,0.515,0.11,0.375,0.9999703168869019,2.9707825888181105e-05,2.2234532437437338e-08
0.0,0.6998386000420646,8.2476,368.0,0.02241195652173913,Hard,phase1_20260513_151134.csv,6,Hard,Hard,0.615,0.09,0.295,0.9999629259109497,3.707350333570503e-05,4.992370961076631e-08
0.0,0.7292994362886264,8.3323,361.0,0.023081163434903046,Hard,phase1_20260513_151134.csv,7,Hard,Hard,0.395,0.3,0.305,0.9999738931655884,2.6164752853219397e-05,5.387463630768252e-08
0.0,0.733042396135313,9.4018,388.0,0.02423144329896907,Hard,phase1_20260513_151134.csv,8,Hard,Hard,0.925,0.065,0.01,0.9981017708778381,0.0018964417977258563,1.7323072825092822e-06
0.0,0.7276241384674208,8.7998,372.0,0.02365537634408602,Hard,phase1_20260513_151134.csv,9,Hard,Hard,0.855,0.145,0.0,0.9999986886978149,1.2753100691043073e-06,2.960492517800617e-09
